{
  "title": "Receitas de Tangerina",
  "date": "2021-02-12T18:02:32.207Z",
  "thumbnail": "/img/uploads/6-1-.jpg",
  "description": "Veja receitas de drinks de Tangerina.\n",
  "body": "![Tangerina](/img/uploads/6-1-.jpg)\n\n## Receitas de Tangerina\n\n#### Gin Tônica\n\n**O que você vai precisar:**\n\n\\- 60mL de gin\n\n\\- 30mL de xarope de tangerina Sukkar Xaroperia\n\n\\- 15mL de limão espremido\n\n\\- 100mL de tônica (você também pode usar água gasosa se preferir menos amargo)\n\n\\- 1 gomo de tangerina para decorar (pode usar uma casca ou uma rodela do limão que você usou também)\n\n**Modo de Preparo Recomendado:**\n\nEm uma taça de gin ou outro copo da preferência, encha de gelo até a borda do copo. Com uma colher, misture o gelo para gelar a taça. Em seguida, adicione o gin, o xarope e esprema o limão direto no copo. Misture mais uma vez. Sirva a tônica ou água gasosa com cuidado  e misture bem. Por fim, decore com o gomo de tangerina, rodela ou casca de limão.\n\n#### Tangerine Mule\n\n**O que você vai precisar:**\n\n\\- 60mL de vodka\n\n\\- 30mL de xarope de tangerina Sukkar Xaroperia\n\n\\- 15mL de limão espremido\n\n\\- 100mL de refrigerante de gengibre (pode usar água gasosa com xarope de gengibre)\n\n\\- Espuma de Tangerina\n\n**Modo de Preparo Recomendado:**\n\nEm uma caneca de cobre ou alumínio ou outro copo da preferência, encha de gelo. Adicione a vodka, o xarope e esprema o limão direto no copo e misture. Sirva o refrigerante de gengibre com cuidado e misture bem. Por fim, sirva a espuma de tangerina e decore com uma rodela ou casca de limão ou folha de hortelã.\n\n#### Tangerine Mojito\n\n**O que você vai precisar:**\n\n\\- 60mL de rum\n\n\\- 30mL de xarope de tangerina Sukkar Xaroperia\n\n\\- 15mL de limão espremido\n\n\\- 100mL de soda (ou água com gás)\n\n\\- 1 ramo ou 10 folhas de hortelã\n\n**Modo de Preparo Recomendado:**\n\nEm um copo longo ou outro copo da preferência, encha de gelo. Adicione o rum, o xarope, as folhas de hortelã, esprema o limão direto no copo e misture. Sirva a soda ou água gasosa com cuidado e misture levemente. Por fim, decore com uma rodela de limão ou ramo de hortelã.\n\n#### Caipitangerina\n\n**O que você vai precisar:**\n\n\\- 60mL de cachaça\n\n\\- 30mL de xarope de tangerina Sukkar Xaroperia\n\n\\- 15mL de limão espremido\n\n\\- 1 ramo ou 6 folhas de manjericão\n\n**Modo de Preparo Recomendado:**\n\nEscolha um copo da preferência e encha de gelo. Adicione a cachaça, o xarope, o manjericão e esprema o limão direto no copo e misture bem. Por fim, decore com uma rodela ou casca de limão ou ramo de manjericão.\n\n#### Tangerine Sour\n\n**O que você vai precisar:**\n\n\\- 60mL de whisky\n\n\\- 30mL de xarope de tangerina Sukkar Xaroperia\n\n\\- 15mL de limão espremido\n\n\\- 20mL de clara de ovo (pode deixar sem se preferir, mas ela que dá a espuma no drink)\n\n\\- 1 pedaço de canela em pau\n\n**Modo de Preparo Recomendado:**\n\nSepare um copo baixo, tipo whisky ou outro copo da preferência. Em uma coqueteleira, coloque o whisky, xarope, clara de ovo, esprema o limão e coloque a canela em pau. Bata bem por 1 minuto. Adicione o gelo e bata bem novamente. No copo separado, coloque uma pedra grande de gelo e sirva a mistura da coqueteleira coando com uma peneira, strainer ou coador.\n\n#### Soda Apimentada (sem álcool)\n\n**O que você vai precisar:**\n\n\\- 150mL de água tônica ou com gás\n\n\\- 30mL de xarope de tangerina Sukkar Xaroperia\n\n\\- 15mL de limão espremido\n\n\\- 1 pimenta dedo de moça\n\n\\- 5 gotas de bitter apimentado Sukkar Xaroperia (opcional)\n\n**Modo de Preparo Recomendado:**\n\nCorte a pimenta ao meio, retire todas as sementes e descarte-as, lave bem as mãos ou use luvas. Adicione a pimenta no copo e macere levemente. Adicione bastante gelo, xarope e o suco de limão e misture. Finalize com água tônica e, se quiser, adicione as gotas do bitter.",
  "meta_title": "Drinks de Tangerina",
  "meta_description": "Veja as receitas de Drinks de Tangerina e faça bons drinks com muita simplicidade usando os nossos produtos.",
  "sections": [
    {
      "type": "blog-post",
      "enabled": true
    },
    {
      "type": "blog",
      "enabled": false
    },
    {
      "type": "collection-shelf",
      "shuffle": false,
      "limit": 6,
      "page": 1,
      "collection_id": "600af70d69274c73fcfaf5b4:categories:Xaropes:/xaropes"
    }
  ]
}