{
  "date": "2021-02-12T18:35:44.264Z",
  "title": "Receitas de Gengibre",
  "thumbnail": "/img/uploads/9-2-.jpg",
  "description": "Veja receitas de drinks de Gengibre.\n",
  "body": "![Imagem de um drink de gengibre](/img/uploads/9-2-.jpg \"Drinks de Gengibre\")\n\n## Receitas de Gengibre\n\n#### Gin Tônica\n\n**O que você vai precisar:**\n\n\\- 60mL de gin\n\n\\- 30mL de xarope de gengibre Sukkar Xaroperia\n\n\\- 25mL de limão espremido\n\n\\- 100mL de tônica (você também pode usar água gasosa se preferir menos amargo)\n\n\\- 1 fatia de gengibre para decorar (pode usar uma casca ou uma rodela do limão que você usou também)\n\n**Modo de Preparo Recomendado:**\n\nEm uma taça de gin ou outro copo da preferência, encha de gelo até a borda do copo. Com uma colher, misture o gelo para gelar a taça. Em seguida, adicione o gin, o xarope e esprema o limão direto no copo. Misture mais uma vez. Sirva a tônica ou água gasosa com cuidado e misture levemente. Por fim, decore com o gomo de tangerina, rodela ou casca de limão.\n\n#### Moscow Mule\n\n**O que você vai precisar:**\n\n\\- 60mL de vodka\n\n\\- 30mL de xarope de gengibre Sukkar Xaroperia\n\n\\- 25mL de limão espremido\n\n\\- 100mL de refrigerante de gengibre (pode usar água gasosa com xarope de gengibre)\n\n\\- Espuma de gengibre\n\n**Modo de Preparo Recomendado:**\n\nEm uma caneca de cobre ou alumínio ou outro copo da preferência, encha de gelo. Adicione a vodka, o xarope e esprema o limão direto no copo e misture. Sirva o refrigerante de gengibre com cuidado e misture levemente. Por fim, sirva a espuma de gengibre e decore com uma rodela ou casca de limão ou folha de hortelã.\n\n#### Ginger Mojito\n\n**O que você vai precisar:**\n\n\\- 60mL de rum\n\n\\- 30mL de xarope de gengibre Sukkar Xaroperia\n\n\\- 25mL de limão espremido\n\n\\- 100 ml de soda (ou água com gás)\n\n\\- 1 ramo ou 10 folhas de hortelã\n\n**Modo de Preparo Recomendado:**\n\nEm um copo longo ou outro copo da preferência, encha de gelo. Adicione o rum, o xarope, as folhas de hortelã, esprema o limão direto no copo e misture. Sirva a soda ou água gasosa com cuidado e misture levemente. Por fim, decore com uma rodela de limão ou ramo de hortelã.\n\n#### Caipirinha de Limão e Gengibre\n\n**O que você vai precisar:**\n\n\\- 60mL de cachaça\n\n\\- 30mL de xarope de gengibre Sukkar Xaroperia\n\n\\- 25mL de limão espremido\n\n**Modo de Preparo Recomendado:**\n\nEscolha um copo da preferência e encha de gelo. Adicione a cachaça, o xarope e esprema o limão direto no copo e misture bem. Por fim, decore com uma rodela ou casca de limão ou ramo de manjericão.\n\n#### Ginger Sour\n\n**O que você vai precisar:**\n\n\\- 60mL de whisky\n\n\\- 30mL de xarope de gengibre Sukkar Xaroperia\n\n\\- 25mL de limão espremido\n\n\\- 20mL de clara de ovo (pode deixar sem se preferir, mas ela que dá a espuma no drink)\n\n\\- 1 pedaço de canela em pau\n\n**Modo de Preparo Recomendado:**\n\nEm uma coqueteleira, adicione o whisky, xarope, clara de ovo, esprema o limão e coloque a canela em pau. Bata bem por 1 minuto. Adicione gelo na coqueteleira e bata novamente. Em um copo baixo, coloque uma pedra grande de gelo e sirva a mistura da coqueteleira coando com uma peneira, strainer ou coador.\n\n#### Gin Gin Mule\n\n**O que você vai precisar:**\n\n\\- 50mL de gin, de preferência com notas mais cítricas\n\n\\- 30mL de xarope de gengibre Sukkar Xaroperia\n\n\\- 25mL de limão espremido\n\n\\- 5 folhas de hortelã\n\n\\- 100mL de ginger ale, água tônica ou refrigerante de gengibre\n\n\\- Espuma de gengibre\n\n**Modo de Preparo Recomendado:**\n\nEm uma caneca de cobre ou alumínio ou outro copo da preferência, encha de gelo. Adicione o gin, o xarope e o limão espremido direto no copo e misture. Sirva o refrigerante de gengibre e misture levemente. Por fim, sirva a espuma de gengibre e decore com uma rodela ou casca de limão ou folha de hortelã.\n\n#### Bufar do Touro\n\n**O que você vai precisar:**\n\n\\- 60mL whisky\n\n\\- 15mL de xarope de gengibre Sukkar Xaroperia\n\n\\- 25mL de limão espremido\n\n\\- 15mL de mel\n\n\\- 1 canela em pau\n\n\\- 1 rodela de laranja bahia para decorar\n\n**Modo de Preparo Recomendado:**\n\nQueime a canela com maçarico ou como puder, tampe com o copo para reter o aroma e reserva. Em uma coqueteleira com bastante gelo, adicione todos os ingredientes, bata bem e sirva no copo reservado. Decore com a rodela de laranja bahia.\n\n#### Sangue da Mata\n\n**O que você vai precisar:**\n\n\\- 75mL de conhaque\n\n\\- 45mL de vinho do porto\n\n\\- 15mL de xarope de gengibre Sukkar Xaroperia\n\n\\- Noz moscada\n\n\\- 5 gotas de bitter tradicional Sukkar Xaroperia (opcional)\n\n**Modo de Preparo Recomendado:**\n\nEm uma coqueteleira gelo, adicione o conhaque, o vinho e o xarope e bata bem. Coe diretamente em uma taça e rale a noz moscada por cima. Caso queira, adicione o bitter antes de ralar a noz moscada.",
  "meta_title": "Drinks de Gengibre",
  "meta_description": "Veja as receitas de Drinks de Gengibre e faça bons drinks com muita simplicidade usando os nossos produtos.",
  "sections": [
    {
      "type": "blog-post",
      "enabled": true
    },
    {
      "type": "blog",
      "enabled": true
    },
    {
      "type": "collection-shelf",
      "shuffle": false,
      "limit": 12,
      "page": 1,
      "collection_id": "600af70d69274c73fcfaf5b4:categories:Xaropes:/xaropes",
      "sort": "views"
    }
  ]
}