{
  "date": "2021-02-12T18:36:02.684Z",
  "title": "Receitas de Maracujá",
  "thumbnail": "/img/uploads/8-2-.jpg",
  "body": "![Imagem com 3 maracujás maduros cortados ao meio](/img/uploads/8-2-.jpg \"Drinks de Maracujá\")\n\nReceitas de Maracujá\n\n#### Gin Tônica\n\n**O que você vai precisar:**\n\n\\- 60mL de gin\n\n\\- 30mL de xarope de maracujá Sukkar Xaroperia\n\n\\- 15mL de limão espremido\n\n\\- 100mL de tônica (você também pode usar água gasosa se preferir menos amargo)\n\n\\- 1 ramo de alecrim para decorar\n\n**Modo de Preparo Recomendado:**\n\nEm uma taça de gin ou outro copo da preferência, encha de gelo até a borda do copo. Com uma colher, misture o gelo para gelar a taça. Em seguida, adicione o gin, o xarope e esprema o limão direto no copo. Misture mais uma vez. Sirva a tônica ou água gasosa com cuidado e misture levemente. Por fim, decore com o ramo de alecrim.\n\n#### Passion Mule\n\n**O que você vai precisar:**\n\n\\- 60mL de vodka\n\n\\- 30mL de xarope de maracujá Sukkar Xaroperia\n\n\\- 15mL de limão espremido\n\n\\- 100mL de refrigerante de gengibre (pode usar água gasosa com xarope de gengibre)\n\n\\- Espuma de Tangerina\n\n**Modo de Preparo Recomendado:**\n\nEm uma caneca de cobre ou alumínio ou outro copo da preferência, encha de gelo. Adicione a vodka, o xarope e esprema o limão direto no copo e misture. Sirva o refrigerante de gengibre com cuidado e misture levemente. Por fim, sirva a espuma de tangerina e decore com uma rodela ou casca de limão ou folha de hortelã.\n\n#### Passion Mojito\n\n**O que você vai precisar:**\n\n\\- 60mL de rum\n\n\\- 30mL de xarope de maracujá Sukkar Xaroperia\n\n\\- 15mL de limão espremido \n\n\\- 100mL de soda (ou água com gás)\n\n\\- 1 ramo ou 10 folhas de hortelã\n\n**Modo de Preparo Recomendado:**\n\nEm um copo longo ou outro copo da preferência, encha de gelo. Adicione o rum, o xarope, as folhas de hortelã, esprema o limão direto no copo e misture. Sirva a soda ou água gasosa com cuidado e misture levemente. Por fim, decore com uma rodela de limão ou ramo de hortelã.\n\n#### Caipimaracujá\n\n**O que você vai precisar:**\n\n\\- 60mL de cachaça\n\n\\- 30mL de xarope de maracujá Sukkar Xaroperia\n\n\\- 15mL de limão espremido\n\n\\- 1 ramo ou 6 folhas de manjericão\n\n**Modo de Preparo Recomendado:**\n\nEscolha um copo da preferência e encha de gelo. Adicione a cachaça, o xarope, o manjericão e esprema o limão direto no copo e misture bem. Por fim, decore com uma rodela ou casca de limão ou ramo de manjericão.\n\n#### Passion Sour\n\n**O que você vai precisar:**\n\n\\- 60mL de whisky\n\n\\- 30mL de xarope de maracujá Sukkar Xaroperia\n\n\\- 15mL de limão espremido\n\n\\- 20mL de clara de ovo (pode deixar sem se preferir, mas ela que dá a espuma no drink)\n\n\\- 1 pedaço de canela em pau\n\n**Modo de Preparo Recomendado:**\n\nSepare um copo baixo, tipo whisky ou outro copo da preferência. Em uma coqueteleira, coloque o whisky, xarope, clara de ovo, esprema o limão e coloque a canela em pau. Bata bem por 1 minuto. Adicione o gelo e bata novamente. No copo separado, coloque uma pedra grande de gelo e sirva a mistura da coqueteleira coando com uma peneira, strainer ou coador.\n\n#### O Apicultor\n\n**O que você vai precisar:**\n\n\\- 60mL de whisky com mel\n\n\\- 30mL de xarope de maracujá Sukkar Xaroperia\n\n\\- 15mL de limão espremido\n\n\\- 60mL de água com gás\n\n\\- 1 colher de sopa de mel\n\n\\- 5 a 10 gotas de bitter Sukkar Xaroperia\n\n**Modo de Preparo Recomendado:**\n\nEm uma coqueteleira com gelo, adicione todos os ingredientes, com exceção do bitter e da água com gás. Bata bem e coe diretamente sobre um copo longo cheio de gelo. Adicione a água com gás e o bitter. Mexa levemente. Finalize com uma rodela de limão e um ramo de hortelã para decorar.",
  "description": "Veja receitas de drinks de Maracujá.",
  "meta_description": "Veja as receitas de Drinks de Maracujá e faça bons drinks com muita simplicidade usando os nossos produtos.",
  "meta_title": "Drinks de Maracujá",
  "sections": [
    {
      "type": "blog-post",
      "enabled": true
    },
    {
      "type": "blog",
      "enabled": true
    },
    {
      "type": "collection-shelf",
      "shuffle": false,
      "limit": 12,
      "page": 1,
      "collection_id": "600af70d69274c73fcfaf5b4:categories:Xaropes:/xaropes",
      "sort": "views"
    }
  ]
}