{
  "date": "2021-02-12T18:23:04.560Z",
  "title": "Receitas de L. Siciliano",
  "thumbnail": "/img/uploads/5-1-.jpg",
  "description": "Veja receitas de drinks de Limão Siciliano.",
  "body": "![Imagem de uma cesta com 3 limões siciliano bem maduros.](/img/uploads/5-1-.jpg \"Drinks com Limão Siciliano\")\n\nReceitas de Limão Siciliano\n\n#### Gin Tônica\n\n**O que você vai precisar:**\n\n\\- 60mLde gin\n\n\\- 30mL de xarope de limão siciliano Sukkar Xaroperia\n\n\\- 15mL de limão espremido\n\n\\- 100 ml de tônica (você também pode usar água gasosa se preferir menos amargo)\n\n\\- 1 gomo de tangerina para decorar (pode usar uma casca ou uma rodela do limão que você usou também)\n\n**Modo de Preparo Recomendado:**\n\nEm uma taça de gin ou outro copo da preferência, encha de gelo até a borda do copo. Com uma colher, misture o gelo para gelar a taça. Em seguida, adicione o gin, o xarope e esprema o limão direto no copo. Misture mais uma vez. Sirva a tônica ou água gasosa com cuidado e misture levemente. Por fim, decore com o gomo de tangerina, rodela ou casca de limão.\n\n#### Sicilian Mule\n\n**O que você vai precisar:**\n\n\\- 60mL de vodka\n\n\\- 30mL de xarope de limão siciliano Sukkar Xaroperia\n\n\\- 15mL de limão espremido\n\n\\- 100mL de refrigerante de gengibre (pode usar água gasosa com xarope de gengibre)\n\n\\- Espuma de Limão Siciliano\n\n**Modo de Preparo Recomendado:**\n\nEm uma caneca de cobre ou alumínio ou outro copo da preferência, encha de gelo. Adicione a vodka, o xarope e esprema o limão direto no copo e misture. Sirva o refrigerante de gengibre com cuidado e misture levemente. Por fim, sirva a espuma de tangerina e decore com uma rodela ou casca de limão ou folha de hortelã.\n\n#### Sicilian Mojito\n\n**O que você vai precisar:**\n\n\\- 60mL de rum\n\n\\- 30mL de xarope de limão siciliano Sukkar Xaroperia\n\n\\- 15mL de limão espremido\n\n\\- 100mL de soda (ou água com gás)\n\n\\- 1 ramo ou 10 folhas de hortelã\n\n**Modo de Preparo Recomendado:**\n\nEm um copo longo ou outro copo da preferência, encha de gelo. Adicione o rum, o xarope, as folhas de hortelã, esprema o limão direto no copo e misture. Sirva a soda ou água gasosa com cuidado e misture levemente. Por fim, decore com uma rodela de limão ou ramo de hortelã.\n\n#### Caipisiciliano\n\n**O que você vai precisar:**\n\n\\- 60mL de cachaça\n\n\\- 30mL de xarope de limão siciliano Sukkar Xaroperia\n\n\\- 15mL de limão espremido\n\n\\- 1 ramo ou 6 folhas de manjericão\n\n**Modo de Preparo Recomendado:**\n\nEscolha um copo da preferência e encha de gelo. Adicione a cachaça, o xarope, o manjericão e esprema o limão direto no copo e misture bem. Por fim, decore com uma rodela ou casca de limão ou ramo de manjericão.\n\n#### Sicilian Sour (Whisky Sour)\n\n**O que você vai precisar:**\n\n\\- 60mL de whisky\n\n\\- 30mL de xarope de limão siciliano Sukkar Xaroperia\n\n\\- 15mL de limão espremido\n\n\\- 20mL de clara de ovo (pode deixar sem se preferir, mas ela que dá a espuma no drink)\n\n\\- 1 pedaço de canela em pau\n\n**Modo de Preparo Recomendado:**\n\nSepare um copo baixo, tipo whisky ou outro copo da preferência. Em uma coqueteleira, coloque  o whisky, xarope, clara de ovo, esprema o limão e coloque a canela em pau. Bata bem por 1 minuto. Adicione o gelo e bata novamente. No copo separado, coloque uma pedra grande de gelo e sirva a mistura da coqueteleira coando com uma peneira, strainer ou coador.\n\n#### Shot 220V\n\n**O que você vai precisar:**\n\n\\- 30mL de cachaça de jambu\n\n\\- 15mL de xarope de limão siciliano Sukkar Xaroperia\n\n\\- 30mL de Amaretto\n\n\\- 30mL de licor de laranja\n\n**Modo de Preparo Recomendado:**\n\nEm uma coqueteleira com gelo, adicione todos os ingredientes e bata bem. Distribua em copos de shot.\n\nDica: Para deixar ainda mais gelado deixe os copos de shot no congelador e só retire ao servir.\n\n#### O Violeiro\n\n**O que você vai precisar:**\n\n\\- 60 ml de rum\n\n\\- 30 ml de xarope de limão siciliano Sukkar Xaroperia\n\n\\- 100g de polpa de graviola\n\n\\- Ramos de tomilho\n\n\\- Limão desidratado\n\n**Modo de Preparo Recomendado:**\n\nEm uma coqueteleira com gelo, adicione todos os ingredientes, com exceção de parte do tomilho e o limão desidratado, e bata bem. Coe diretamente em um copo com gelo e decore com o limão desidratado e alguns ramos de tomilho.\n\n#### Cagaita Sour Fizz\n\n**O que você vai precisar:**\n\n\\- 50 ml de cachaça\n\n\\- 25 ml de xarope de limão siciliano Sukkar Xaroperia\n\n\\- 1/2 xícaras de cagaitas\n\n\\- 5  folhas de hortelã\n\n\\- 100mL de água tônica de gengibre ou outra bebida gaseificada\n\n**Modo de Preparo Recomendado:**\n\nRetire as polpas cagaitas e adicione em uma coqueteleira com hortelão. Macere bem. Acrescente a cachaça, o xarope e o gelo e bata bem. Coe a mistura diretamente em um copo baixo com gelo e complete com água tônica. Misture levemente.\n\n#### Caipirinha de Caju\n\n**O que você vai precisar:**\n\n\\- 50mL de cachaça\n\n\\- 1/2 caju, aproximadamente 75g\n\n\\- 4 folhas de manjericão\n\n\\- 25mL de xarope de limão siciliano Sukkar Xaroperia\n\n\\- 5 gotas de bitter apimentado Sukkar Xaroperia\n\n**Modo de Preparo Recomendado:**\n\nEm um copo baixo, adicione o caju, xarope e manjericão e macere bem. Acrescente a cachaça, bastante gelo e o bitter. Misture bem até ficar homogêneo. Decore com uma fatia de caju e algumas folhas de manjericão.",
  "sections": [
    {
      "type": "blog-post",
      "enabled": true
    },
    {
      "type": "blog",
      "enabled": true
    },
    {
      "type": "collection-shelf",
      "shuffle": false,
      "limit": 12,
      "page": 1,
      "collection_id": "600af70d69274c73fcfaf5b4:categories:Xaropes:/xaropes",
      "sort": "views"
    }
  ],
  "meta_title": "Receitas com Limão Siciliano",
  "meta_description": "Veja as receitas com Limão Siciliano e faça bons drinks com muita simplicidade usando os nossos produtos."
}