{
  "date": "2021-04-29T13:48:12.501Z",
  "title": "Receitas com Bitter",
  "meta_title": "Receitas com Bitter",
  "meta_description": "Faça drinks com mais sabor usando Bitters",
  "description": "Faça drinks com mais sabor usando Bitters.",
  "body": "## Receitas com Bitter\n\n#### Gin Tônica\n\nCaracteristica do Drink: Suave, refrescante e pouco amargo.\n\n**O que você vai precisar:**\n\n\\- 60mL de gin\n\n\\- 30mL de um xarope Sukkar Xaroperia\n\n\\- 15mL de limão espremido\n\n\\- 100mL de tônica (você também pode usar água gasosa se preferir menos amargo)\n\n\\- 3 gotas de Bitter Herbal Sukkar Xaroperia\n\n**Modo de Preparo Recomendado:**\n\nEm uma taça de gin ou outro copo da preferência, encha de gelo até a borda do copo. Com uma colher, misture o gelo para gelar a taça . Em seguida, adicione o gin, o xarope e esprema o limão direto no copo. Misture mais uma vez. Sirva a tônica ou água gasosa com cuidado e pingue de 3 a 5 gotas do bitter, misture levemente. Por fim, decore com especiarias ou frutas.\n\n#### Old Fashioned\n\nCaracteristica do Drink: Doce e Forte\n\n**O que você vai precisar:**\n\n\\- 60mL de whisky\n\n\\- 30mL de um xarope a escolha\n\n\\- 3 a 5 gotas do Bitter Tradicional Sukkar Xaroperia\n\n\\- 1 casca de laranja\n\n**Modo de Preparo Recomendado:**\n\nEscolha um copo da preferência coloque gelo. Adicione o whisky e o xarope e pingue as gotas de bitter no copo e misture bem. Por fim, decore com a casca de laranja.\n\n#### Whisky Sour\n\nCaracteristica do Drink: Citrico e Forte\n\n**O que você vai precisar:**\n\n\\- 60mL de whisky\n\n\\- 30mL de xarope de tangerina Sukkar Xaroperia\n\n\\- 15mL de limão espremido\n\n\\- 20mL de clara de ovo (pode deixar sem se preferir, mas ela que dá a espuma no drink)\n\n\\- 1 pedaço de canela em pau\n\n\\- 3 a 5 gotas do Bitter Tradicional Sukkar Xaroperia\n\n**Modo de Preparo Recomendado:**\n\nSepare um copo baixo, tipo whisky ou outro copo da preferência. Em uma coqueteleira, coloque o whisky, xarope, clara de ovo, esprema o limão e coloque a canela em pau. Bata bem por 1 minuto. Adicione gelo e bata novamente. No copo separado, coloque uma pedra grande de gelo e sirva a mistura da coqueteleira coando com uma peneira, strainer ou coador. Por fim, adicione as gotas do bitter sobre a espuma do drink.\n\n#### Soda Apimentada (sem álcool)\n\n**O que você vai precisar:**\n\n\\- 150mL de água tônica ou com gás\n\n\\- 30 ml de xarope de tangerina Sukkar Xaroperia\n\n\\- 15mL de limão espremido\n\n\\- 1 pimenta dedo de moça\n\n\\- 5 gotas de bitter apimentado Sukkar Xaroperia (opcional)\n\n**Modo de Preparo Recomendado:**\n\nCorte a pimenta ao meio, retire todas as sementes e descarte-as, lave bem as mãos ou use luvas. Adicione a pimenta no copo e macere levemente. Adicione bastante gelo, xarope e o suco de limão e misture. Finalize com água tônica e, se quiser, adicione as gotas do bitter.\n\n#### Caipirinha de Caju\n\n**O que você vai precisar:**\n\n\\- 50mL de cachaça\n\n\\- 1/2 caju, aproximadamente 75g\n\n\\- 4 folhas de manjericão\n\n\\- 25mL de xarope de limão siciliano Sukkar Xaroperia\n\n\\- 5 gotas de bitter apimentado Sukkar Xaroperia\n\n**Modo de Preparo Recomendado:**\n\nEm um copo baixo, adicione o caju, xarope e manjericão e macere bem. Acrescente a cachaça, bastante gelo e o bitter. Misture bem até ficar homogêneo. Decore com uma fatia de caju e algumas folhas de manjericão.\n\n#### Minerva\n\n**O que você vai precisar:**\n\n\\- 50mL de whisky\n\n\\- 25mL de limão espremido\n\n\\- 15mL de vermouth rosso\n\n\\- 30mL de xarope de amora Sukkar Xaroperia\n\n\\- 5 gotas de bitter herbal Sukkar Xaroperia\n\n\\- Amoras frescas\n\n**Modo de Preparo Recomendado:**\n\nEm uma coqueteleira com gelo, adicione todos os ingredientes, com exceção do bitter. Bata bem e coe diretamente sobre uma taça, preferencialmente a taça coupé. Finalize com o bitter e mexa levemente.\n\n#### Revólver\n\n**O que você vai precisar:**\n\n\\- 60mL de whisky bourbon\n\n\\- 15mL de licor de café\n\n\\- 5 a 10 gotas de bitter Sukkar Xaroperia\n\n**Modo de Preparo Recomendado:**\n\nEm uma coqueteleira com gelo, adicione todos os ingredientes, com exceção do bitter. Bata bem e coe diretamente sobre uma taça resfriada, preferencialmente a taça coupé. Finalize com o bitter e mexa levemente. Decore com uma casca de laranja.\n\n#### Malte Spritz\n\n**O que você vai precisar:**\n\n\\- 45mL de cerveja blonde ale ou de trigo\n\n\\- 30mL de aperol\n\n\\- 30mL de limão espremido\n\n\\- 15mL de suco de abacaxi\n\n\\- 5 a 10 gotas de bitter Sukkar Xaroperia\n\n**Modo de Preparo Recomendado:**\n\nEm uma coqueteleira com gelo, adicione todos os ingredientes, com exceção do bitter e da cerveja. Bata bem e coe diretamente sobre uma taça, preferencialmente a taça de vinho. Adicione a cerveja, finalize com o bitter e mexa levemente.\n\n#### O Apicultor\n\n**O que você vai precisar:**\n\n\\- 60mL de whisky com mel\n\n\\- 30mL de xarope de maracujá Sukkar Xaroperia\n\n\\- 15mL de limão espremido\n\n\\- 60mL de água com gás\n\n\\- 1 colher de sopa de mel\n\n\\- 5 a 10 gotas de bitter Sukkar Xaroperia\n\n**Modo de Preparo Recomendado:**\n\nEm uma coqueteleira com gelo, adicione todos os ingredientes, com exceção do bitter e da água com gás. Bata bem e coe diretamente sobre um copo longo cheio de gelo. Adicione a água com gás e o bitter. Mexa levemente. Finalize com uma rodela de limão e um ramo de hortelã para decorar.\n\n#### Clericot de Gêmeos\n\n**O que você vai precisar:**\n\n\\- 750mL de vinho branco gelado\n\n\\- 700mL de água tônica ou com gás gelada\n\n\\- 75mL de gin\n\n\\- 25mL de licor de laranja\n\n\\- Frutas cortadas: 1 maça, 1 pêra, 1 carambola, 1 laranja bahia\n\n\\- Bitter herbal Sukkar Xaroperia\n\n**Modo de Preparo Recomendado:**\n\nEm uma jarra, adicione o vinho, frutas, gin e o licor e misture. Adicione bastante gelo, complete com água tônica e, ao servir, pingue algumas gotas do bitter na taça.\n\nDica: Para fazer com antecedência, deixe a mistura com do vinho com frutas, gin e licor na geladeira e, na hora de servir, acrescente a tônico e o gelo.\n\n#### Carajillo\n\n**O que você vai precisar:**\n\n\\- 50mL de café expresso\n\n\\- 50mL de licor\n\n\\- 5 a 10 gotas de bitter de café Sukkar Xaroperia\n\n**Modo de Preparo Recomendado:**\n\nEm um copo baixo, acrescente o gelo e adicione todos os ingredientes. Misture bem e complete o copo com mais gelo.\n\nDica: o Licor 43 é o mais usado para esse drink. Experimente!\n\n#### Sangue da Mata\n\n**O que você vai precisar:**\n\n\\- 75mL de conhaque\n\n\\- 45mL de vinho do porto\n\n\\- 15mL de xarope de gengibre Sukkar Xaroperia\n\n\\- Noz moscada\n\n\\- 5 gotas de bitter tradicional Sukkar Xaroperia (opcional)\n\n**Modo de Preparo Recomendado:**\n\nEm uma coqueteleira gelo, adicione o conhaque, o vinho e o xarope e bata bem. Coe diretamente em uma taça e rale a noz moscada por cima. Caso queira, adicione o bitter antes de ralar a noz moscada.\n\n#### White Russian\n\n**O que você vai precisar:**\n\n\\- 30mL de vodka\n\n\\- 15mL de licor de café\n\n\\- 15mL de creme de leite fresco\n\n\\- 5 gotas de bitter tradicional ou de café Sukkar Xaroperia\n\n**Modo de Preparo Recomendado:**\n\nEm um copo com gelo, adicione a vodka e o licor e misture. Adicione lentamente o creme de leite e complete com o bitter. \n\nDica: O leite também pode ser usado no lugar do creme de leite.",
  "thumbnail": "/img/uploads/biiter.jpg",
  "sections": [
    {
      "type": "page-title"
    },
    {
      "type": "blog-post",
      "enabled": true
    },
    {
      "type": "collection-shelf",
      "shuffle": false,
      "limit": 12,
      "page": 1,
      "collection_id": "601acfe8d6981740b4a10d31:categories:Bitters:/bitter",
      "title": ""
    }
  ]
}