{
  "date": "2021-02-12T18:35:21.268Z",
  "title": "Receitas de Amora",
  "thumbnail": "/img/uploads/10-2-.jpg",
  "description": "Veja receitas de drinks de Amora.",
  "meta_description": "Veja as receitas de Drinks de Amora e faça bons drinks com muita simplicidade usando os nossos produtos.",
  "meta_title": "Drinks de Amora",
  "body": "![Imagem de um drink de amora](/img/uploads/10-2-.jpg \"Drinks de Amora\")\n\n## Receitas de Amora\n\n#### Gin Tônica\n\n**O que você vai precisar:**\n\n\\- 60mL de gin\n\n\\- 30mL de xarope de amora Sukkar Xaroperia\n\n\\- 25mL de limão espremido\n\n\\- 100mL de tônica (você também pode usar água gasosa se preferir menos amargo)\n\n\\- 1 gomo de tangerina para decorar (pode usar uma casca ou uma rodela do limão que você usou também)\n\n**Modo de Preparo Recomendado:**\n\nEm uma taça de gin ou outro copo da preferência, encha de gelo até a borda do copo. Com uma colher, misture o gelo para gelar a taça . Em seguida, adicione o gin, o xarope e esprema o limão direto no copo. Misture mais uma vez. Sirva a tônica ou água gasosa com cuidado e misture levemente. Por fim, decore com o gomo de tangerina, rodela ou casca de limão.\n\n#### Amora Mule\n\n**O que você vai precisar:**\n\n\\- 60mL de vodka\n\n\\- 30mL de xarope de amora Sukkar Xaroperia\n\n\\- 25mL de limão espremido\n\n\\- 100mL de refrigerante de gengibre (pode usar água gasosa com xarope de gengibre)\n\n\\- Espuma de Tangerina\n\n**Modo de Preparo Recomendado:**\n\nEm uma caneca de cobre ou alumínio ou outro copo da preferência, encha de gelo. Adicione a vodka, o xarope e esprema o limão direto no copo e misture. Sirva o refrigerante de gengibre com cuidado e misture levemente. Por fim, sirva a espuma de tangerina e decore com uma rodela ou casca de limão ou folha de hortelã.\n\n#### Purple Mojito\n\n**O que você vai precisar:**\n\n\\- 60mL de rum\n\n\\- 30mL de xarope de amora Sukkar Xaroperia\n\n\\- 25mL de limão espremido\n\n\\- 100mL de soda (ou água com gás)\n\n\\- 1 ramo ou 10 folhas de hortelã\n\n**Modo de Preparo Recomendado:**\n\nEm um copo longo ou outro copo da preferência, encha de gelo. Adicione o rum, o xarope, as folhas de hortelã, esprema o limão direto no copo e misture. Sirva a soda ou água gasosa com cuidado e misture levemente. Por fim, decore com uma rodela de limão ou ramo de hortelã.\n\n#### Caipiamora\n\n**O que você vai precisar:**\n\n\\- 60mL de cachaça\n\n\\- 30mL de xarope de amora Sukkar Xaroperia\n\n\\- 25mL de limão espremido\n\n\\- 1 ramo ou 6 folhas de manjericão\n\n**Modo de Preparo Recomendado:**\n\nEscolha um copo da preferência e encha de gelo. Adicione a cachaça, o xarope, o manjericão e esprema o limão direto no copo e misture bem. Por fim, decore com uma rodela ou casca de limão ou ramo de manjericão.\n\n#### Purple Sour\n\n**O que você vai precisar:**\n\n\\- 60mL de whisky\n\n\\- 30mL de xarope de amora Sukkar Xaroperia\n\n\\- 25mL de limão espremido\n\n\\- 20mL de clara de ovo (pode deixar sem se preferir, mas ela que dá a espuma no drink)\n\n\\- 1 pedaço de canela em pau\n\n**Modo de Preparo Recomendado:**\n\nSepare um copo baixo, tipo whisky ou outro copo da preferência. Em uma coqueteleira, coloque o whisky, xarope, clara de ovo, esprema o limão e coloque a canela em pau. Bata bem por 1 minuto. Adicione o gelo e bata novamente. No copo separado, coloque uma pedra grande de gelo e sirva a mistura da coqueteleira coando com uma peneira, strainer ou coador.\n\n#### Minerva\n\n**O que você vai precisar:**\n\n\\- 50mL de whisky\n\n\\- 25mL de limão espremido\n\n\\- 15mL de vermouth rosso\n\n\\- 30mL de xarope de amora Sukkar Xaroperia\n\n\\- 5 gotas de bitter herbal Sukkar Xaroperia\n\n\\- Amoras frescas\n\n**Modo de Preparo Recomendado:**\n\nEm uma coqueteleira com gelo, adicione todos os ingredientes, com exceção do bitter. Bata bem e coe diretamente sobre uma taça, preferencialmente a taça coupé. Finalize com o bitter e mexa levemente.\n\n#### Picolé de Amora\n\n**O que você vai precisar:**\n\n\\- 100mL de iogurte natural\n\n\\- 1/3 de xícara de amoras congeladas\n\n\\- 1 dose de gin\n\n\\- 50mL de xarope de amora Sukkar Xaroperia\n\n**Modo de Preparo Recomendado:**\n\nEm uma liquidificador, bata todos os ingredientes. Despeje em uma forma de picolé e, antes de colocar os palitos, deixe 30 minutos no freezer. Após esse tempo, adicione os palitos e deixe no freezer até endurecer.",
  "sections": [
    {
      "type": "blog-post",
      "enabled": true
    },
    {
      "type": "blog",
      "enabled": true
    },
    {
      "type": "collection-shelf",
      "shuffle": false,
      "limit": 12,
      "page": 1,
      "collection_id": "600af70d69274c73fcfaf5b4:categories:Xaropes:/xaropes",
      "sort": "views"
    }
  ]
}