{
  "date": "2021-03-08T16:04:51.549Z",
  "title": "Receitas com Xarope Vanfall",
  "sections": [
    {
      "type": "page-title"
    },
    {
      "type": "blog-post",
      "enabled": true
    }
  ],
  "thumbnail": "/img/uploads/capas-site-sukkar-1-.jpg",
  "body": "## Receitas com Xarope Vanfall\n\n![Receita Vanfall Fizz](/img/uploads/capas-site-sukkar.png \"Receita Vanfall Fizz\")\n\n#### Vanfall Fizz\n\n**O que você vai precisar:**\n\n\\- 50mL de Gin Vanfall\n\n\\- 30mL de xarope de especiarias Vanfall Sukkar Xaroperia\n\n\\- 25mL de limão espremido\n\n\\- 50mL de água com gás\n\n\\- 1 fatia de tangerina\n\n\\- 1 fatia de gengibre\n\n\\- 1 ramo de hortelã\n\n**Modo de Preparo Recomendado:**\n\nEm um copo longo ou outro copo da preferência, encha de gelo até a borda do copo. Com uma colher, misture o gelo para gelar a taça . Em seguida, adicione o gin, o xarope e esprema o limão direto no copo. Misture mais uma vez. Sirva a água gasosa com cuidado e misture levemente). Por fim, decore com a tangerina, o gengibre e o hortelã.\n\nAcompanhe essa receita através do vídeo a seguir: \\\n<https://www.instagram.com/reel/CJygV8yJwyQ/>\n\n#### Gin Tônica Vanfall\n\n**O que você vai precisar:**\n\n\\- 60mL de gin\n\n\\- 30mL de xarope de especiarias Vanfall Sukkar Xaroperia\n\n\\- 25mL de limão espremido\n\n\\- 100mL de tônica (você também pode usar água gasosa se preferir menos amargo)\n\n\\- 1 gomo de tangerina para decorar (pode usar uma casca ou uma rodela do limão que você usou também)\n\n**Modo de Preparo Recomendado:**\n\nEm uma taça de gin ou outro copo da preferência, encha de gelo até a borda do copo. Com uma colher, misture o gelo para gelar a taça . Em seguida, adicione o gin, o xarope e esprema o limão direto no copo. Misture mais uma vez. Sirva a tônica ou água gasosa com cuidado e misture levemente. Por fim, decore com o gomo de tangerina, rodela ou casca de limão.\n\n#### Vanfall Mule\n\n**O que você vai precisar:**\n\n\\- 60mL de vodka\n\n\\- 30mL de xarope de especiarias Vanfall Sukkar Xaroperia\n\n\\- 25mL de limão espremido\n\n\\- 100mL de refrigerante de gengibre (pode usar água gasosa com xarope de gengibre)\n\n\\- Espuma de Tangerina\n\n**Modo de Preparo Recomendado:**\n\nEm uma caneca de cobre ou alumínio ou outro copo da preferência, encha de gelo. Adicione a vodka, o xarope e esprema o limão direto no copo e misture. Sirva o refrigerante de gengibre com cuidado e misture levemente. Por fim, sirva a espuma de tangerina e decore com uma rodela ou casca de limão ou folha de hortelã.\n\n#### Vanfall Mojito\n\n**O que você vai precisar:**\n\n\\- 60mL de rum\n\n\\- 30mL de xarope de especiarias Vanfall Sukkar Xaroperia\n\n\\- 25mL de limão espremido\n\n\\- 100mL de soda (ou água com gás)\n\n\\- 1 ramo ou 10 folhas de hortelã\n\n**Modo de Preparo Recomendado:**\n\nEm um copo longo ou outro copo da preferência, encha de gelo. Adicione o rum, o xarope, as folhas de hortelã, esprema o limão direto no copo e misture. Sirva a soda ou água gasosa com cuidado e misture levemente. Por fim, decore com uma rodela de limão ou ramo de hortelã.\n\n#### Caipi Vanfall\n\n**O que você vai precisar:**\n\n\\- 60mL de cachaça\n\n\\- 30mL de xarope de especiarias Vanfall Sukkar Xaroperia\n\n\\- 25mL de limão espremido\n\n\\- 1 ramo ou 6 folhas de manjericão\n\n**Modo de Preparo Recomendado:**\n\nEscolha um copo da preferência e encha de gelo. Adicione a cachaça, o xarope, o manjericão e esprema o limão direto no copo e misture bem. Por fim, decore com uma rodela ou casca de limão ou ramo de manjericão.\n\n#### Vanfall Sour\n\n**O que você vai precisar:**\n\n\\- 60mL de whisky\n\n\\- 30mL de xarope de especiarias Vanfall\n\n\\- 25mL de limão espremido\n\n\\- 20mL de clara de ovo (pode deixar sem se preferir, mas ela que dá a espuma no drink)\n\n\\- 1 pedaço de canela em pau\n\n**Modo de Preparo Recomendado:**\n\nSepare um copo baixo, tipo whisky ou outro copo da preferência. Em uma coqueteleira, coloque o whisky, xarope, clara de ovo, esprema o limão e coloque a canela em pau. Bata bem por 1 minuto. Adicione o gelo e bata novamente. No copo separado, coloque uma pedra grande de gelo e sirva a mistura da coqueteleira coando com uma peneira, strainer ou coador.",
  "description": "Receitas com o Xarope de especiarias Vanfall.",
  "meta_title": "Drinks com Xarope Vanfall",
  "meta_description": "Receitas de drinks com o xarope de especiarias Vanfall."
}