{
  "title": "Experimente nossos Xaropes",
  "body": "![Experimente nossos Xaropes](/img/uploads/capas-site-2-.jpg \"Reproduza nossas receitas\")",
  "meta_title": "Experimente nossos Xaropes",
  "meta_description": "Faça bons drinks enquanto acompanha a live do renomado chef Léo Paixão.",
  "sections": [
    {
      "type": "page-title",
      "title": "Experimente nossos Xaropes"
    },
    {
      "type": "extra-page",
      "enabled": true
    },
    {
      "type": "blog",
      "enabled": true
    },
    {
      "type": "collection-shelf",
      "shuffle": false,
      "limit": 12,
      "page": 1,
      "collection_id": "600af70d69274c73fcfaf5b4:categories:Xaropes:/xaropes",
      "sort": "lowest_price"
    }
  ]
}