{
  "title": "Drinks Sukkar",
  "meta_title": "Receitas de Drinks da Sukkar",
  "meta_description": "Conheça nosso blog de receitas, aqui você verá algumas das receitas que você pode fazer com o que tem em casa e ainda assim preparar drinks super elaborados.",
  "sections": [
    {
      "type": "breadcrumbs",
      "enabled": true
    },
    {
      "type": "page-title",
      "title": "Receitas de Drinks Sukkar",
      "description": "Conheça nosso blog de receitas, aqui você verá algumas das receitas que você pode fazer com o que tem em casa e ainda assim preparar drinks super elaborados."
    },
    {
      "type": "blog",
      "enabled": true
    },
    {
      "type": "collection-shelf",
      "shuffle": false,
      "limit": 12,
      "page": 1,
      "collection_id": "600af70d69274c73fcfaf5b4:categories:Xaropes:/xaropes",
      "sort": "views"
    }
  ]
}