{
  "sections": [
    {
      "type": "breadcrumbs",
      "enabled": true
    },
    {
      "type": "page-title",
      "title": "Categorias de produtos da Sukkar Xaroperia",
      "description": "Aqui você encontra todas as categorias de produtos vendidos por nós. Xaropes, bitters, especiarias, kits e muito mais."
    },
    {
      "type": "document-banner",
      "enabled": true
    },
    {
      "type": "category-retail",
      "enabled": true,
      "sort": "sales"
    },
    {
      "type": "document-description",
      "enabled": true
    }
  ]
}