{
  "sections": [
    {
      "type": "breadcrumbs",
      "enabled": true
    },
    {
      "type": "page-title",
      "title": "Coleções da Mattar Recipes",
      "description": "Aqui você encontra todas as coleções dos produtos da Mattar Recipes."
    },
    {
      "type": "document-banner",
      "enabled": true
    },
    {
      "type": "collection-retail",
      "enabled": true,
      "sort": "sales"
    },
    {
      "type": "document-description",
      "enabled": true
    }
  ]
}