{
  "description": {
    "title": "Sukkar Xaroperia",
    "text": "Xaropes, bitters, especiarias e muito mais para trazer complexidade aos drinks de maneira prática e simples, com mais sabor e aroma."
  },
  "links_1": {
    "list_pages": false,
    "title": "Páginas",
    "list": [
      {
        "text": "Sobre nós",
        "url": "/pages/sobre-nos"
      },
      {
        "text": "Blog de Receitas",
        "url": "/pages/blog-de-receitas-sukkar"
      },
      {
        "text": "Fidelidade",
        "url": "/pages/fidelidade"
      },
      {
        "url": "/pages-clube-do-xarope",
        "text": "Clube do Xarope"
      },
      {
        "text": "Cozinhando com Paixão",
        "url": "pages/cozinhando-com-leo-paixao"
      }
    ]
  },
  "links_2": {
    "list_categories": true,
    "title": "Categorias",
    "list": []
  },
  "contacts": {
    "title": "Contatos",
    "phone_wpp": true,
    "socials": true,
    "email": true,
    "address": true
  },
  "stamps": [
    {
      "src": "/img/uploads/ssl-safe.png",
      "alt": "Secure connection"
    }
  ],
  "payment_methods": {
    "bb": true,
    "visa": true,
    "boleto": true,
    "aura": false,
    "banrisul": false,
    "elo": false,
    "hipercard": false,
    "hsbc": false,
    "bradesco": true,
    "santander": true,
    "mastercard": true,
    "citibank": false,
    "mais": true,
    "itau": true
  },
  "credits": ""
}