{
  "marketing_stripe": {
    "text": "Permita-se brincar com novos elementos e sensações.",
    "link": "",
    "background": "#792222",
    "color": "#ffffff"
  },
  "contacts_stripe": {
    "pages": [
      {
        "title": "Sobre nós",
        "link": "/pages/sobre-nos"
      },
      {
        "title": "Blog de Receitas",
        "link": "/pages/blog-de-receitas-sukkar"
      },
      {
        "title": "Fidelidade",
        "link": "/pages/fidelidade"
      },
      {
        "title": "Pessoa Jurídica",
        "link": "/pages/tenho-um-bar"
      }
    ],
    "phone_wpp": true,
    "socials": true
  },
  "categories_list": {
    "featured": [
      "/xaropes?Xaropes",
      "/xarope-zero?Xarope Zero",
      "/bitter?Bitters",
      "/especiarias?Especiarias",
      "/kitdrink?Kit Drink",
      "/outlet_sukkar?Outlet"
    ],
    "random": 0,
    "full_width": true
  },
  "search_input": true
}