{
  "meta_title": "Sukkar Xaroperia",
  "meta_description": "Xaropes, bitters, infusões e combinações de especiarias para você criar os melhores coquetéis em casa ou no seu bar.",
  "sections": [
    {
      "type": "banner-slider",
      "autoplay": 4000,
      "slides": [
        {
          "start": "2021-07-22T21:35:31.623Z",
          "end": "2022-07-22T21:35:00.000Z",
          "img": "/img/uploads/capa-pricnipal.jpg",
          "mobile_img": "/img/uploads/capa-pricnipal.jpg"
        },
        {
          "start": "2021-07-22T21:33:36.460Z",
          "end": "2022-07-22T21:33:00.000Z",
          "img": "/img/uploads/capas-site-4-.png",
          "link": "https://www.sukkarxaroperia.com.br/xarope-zero?",
          "mobile_img": "/img/uploads/capas-site-4-.png"
        },
        {
          "start": "2021-02-16T21:12:51.742Z",
          "end": "",
          "img": "/img/uploads/capas-site-sukkar-2-.jpg",
          "link": "https://www.sukkarxaroperia.com.br/xaropes",
          "alt": "Imagem com os diferenciais dos nossos produtos.",
          "mobile_img": "/img/uploads/capas-site-sukkar-2-.jpg"
        },
        {
          "start": "2021-04-12T19:35:39.483Z",
          "end": "2022-04-12T19:35:00.000Z",
          "img": "/img/uploads/capas-site-2-.jpg",
          "link": "https://www.sukkarxaroperia.com.br/xaropedefruta-mini",
          "mobile_img": "/img/uploads/capas-site-2-.jpg",
          "alt": "Mini Xaropes disponíveis para saborear todos"
        },
        {
          "start": "2021-02-16T21:08:51.699Z",
          "end": "",
          "img": "/img/uploads/capas-site-sukkar.jpg",
          "alt": "Imagem de deck de praia com areia e conchas e a frase da campanha sobre a foto.",
          "mobile_img": "/img/uploads/capas-site-sukkar.jpg",
          "link": "https://www.sukkarxaroperia.com.br/kitdrink"
        }
      ]
    },
    {
      "type": "page-title",
      "title": "Xaropes para Drinks",
      "description": "Faça seus drinks ficarem mais práticos e sofisticados usando nossos xaropes, bitters, especiarias e mais."
    },
    {
      "type": "collection-shelf",
      "shuffle": false,
      "limit": 6,
      "page": 1,
      "collection_id": "600af70d69274c73fcfaf5b4:categories:Xaropes:/xaropes",
      "sort": "sales",
      "title": "Xaropes mais vendidos"
    },
    {
      "type": "collection-shelf",
      "shuffle": false,
      "collection_id": null,
      "limit": 8,
      "page": 1,
      "sort": "lowest_price",
      "title": "Experimente agora",
      "headless": false
    },
    {
      "type": "blog",
      "enabled": true
    }
  ]
}